filename,label
audio_257.wav,clean
audio_493.wav,clean
audio_398.wav,clean
audio_43.wav,clean
audio_936.wav,clean
audio_1174.wav,clean
audio_1492.wav,clean
audio_1575.wav,clean
audio_1987.wav,clean
audio_408.wav,clean
audio_627.wav,clean
audio_1945.wav,clean
audio_2072.wav,clean
audio_959.wav,clean
audio_1721.wav,clean
audio_1202.wav,clean
audio_2039.wav,clean
audio_431.wav,clean
audio_27.wav,clean
audio_437.wav,clean
audio_1310.wav,clean
audio_1267.wav,clean
audio_488.wav,clean
audio_1551.wav,clean
audio_470.wav,clean
audio_1702.wav,clean
audio_281.wav,clean
audio_632.wav,clean
audio_1041.wav,clean
audio_1994.wav,clean
audio_1658.wav,clean
audio_1683.wav,clean
audio_526.wav,clean
audio_1067.wav,clean
audio_190.wav,clean
audio_1656.wav,clean
audio_1485.wav,clean
audio_1170.wav,clean
audio_1555.wav,clean
audio_634.wav,clean
audio_2061.wav,clean
audio_2019.wav,clean
audio_369.wav,clean
audio_422.wav,clean
audio_1954.wav,clean
audio_1389.wav,clean
audio_934.wav,clean
audio_487.wav,clean
audio_199.wav,clean
audio_1287.wav,clean
audio_1961.wav,clean
audio_181.wav,clean
audio_1666.wav,clean
audio_116.wav,clean
audio_25.wav,clean
audio_826.wav,clean
audio_1230.wav,clean
audio_333.wav,clean
audio_1006.wav,clean
audio_848.wav,clean
audio_861.wav,clean
audio_1269.wav,clean
audio_1203.wav,clean
audio_1073.wav,clean
audio_315.wav,clean
audio_2129.wav,clean
audio_92.wav,clean
audio_1530.wav,clean
audio_1055.wav,clean
audio_782.wav,clean
audio_1988.wav,clean
audio_2106.wav,clean
audio_237.wav,clean
audio_2032.wav,clean
audio_1268.wav,clean
audio_956.wav,clean
audio_1842.wav,clean
audio_874.wav,clean
audio_338.wav,clean
audio_1650.wav,clean
audio_600.wav,clean
audio_1714.wav,clean
audio_128.wav,clean
audio_1732.wav,clean
audio_1909.wav,clean
audio_1158.wav,clean
audio_1199.wav,clean
audio_853.wav,clean
audio_14.wav,clean
audio_1475.wav,clean
audio_2029.wav,clean
audio_1353.wav,clean
audio_2050.wav,clean
audio_762.wav,clean
audio_1599.wav,clean
audio_227.wav,clean
audio_607.wav,clean
audio_1796.wav,clean
audio_735.wav,clean
audio_962.wav,clean
audio_161.wav,clean
audio_581.wav,clean
audio_1731.wav,clean
audio_421.wav,clean
audio_1317.wav,clean
audio_836.wav,clean
audio_1313.wav,clean
audio_1550.wav,clean
audio_1616.wav,clean
audio_1893.wav,clean
audio_1669.wav,clean
audio_2082.wav,clean
audio_1131.wav,clean
audio_314.wav,clean
audio_1142.wav,clean
audio_1518.wav,clean
audio_1816.wav,clean
audio_1696.wav,clean
audio_75.wav,clean
audio_1962.wav,clean
audio_1181.wav,clean
audio_367.wav,clean
audio_1197.wav,clean
audio_193.wav,clean
audio_696.wav,clean
audio_1461.wav,clean
audio_1262.wav,clean
audio_736.wav,clean
audio_2141.wav,clean
audio_950.wav,clean
audio_295.wav,clean
audio_547.wav,clean
audio_1982.wav,clean
audio_643.wav,clean
audio_513.wav,clean
audio_587.wav,clean
audio_510.wav,clean
audio_663.wav,clean
audio_1414.wav,clean
audio_1971.wav,clean
audio_766.wav,clean
audio_881.wav,clean
audio_1462.wav,clean
audio_1092.wav,clean
audio_1900.wav,clean
audio_1439.wav,clean
audio_677.wav,clean
audio_991.wav,clean
audio_1398.wav,clean
audio_268.wav,clean
audio_1891.wav,clean
audio_183.wav,clean
audio_2144.wav,clean
audio_376.wav,clean
audio_1759.wav,clean
audio_1247.wav,clean
audio_649.wav,clean
audio_1330.wav,clean
audio_1908.wav,clean
audio_1037.wav,clean
audio_196.wav,clean
audio_1672.wav,clean
audio_1602.wav,clean
audio_1646.wav,clean
audio_134.wav,clean
audio_730.wav,clean
audio_922.wav,clean
audio_139.wav,clean
audio_1109.wav,clean
audio_2115.wav,clean
audio_406.wav,clean
audio_1272.wav,clean
audio_1649.wav,clean
audio_1404.wav,clean
audio_1244.wav,clean
audio_1340.wav,clean
audio_29.wav,clean
audio_22.wav,clean
audio_1556.wav,clean
audio_1698.wav,clean
audio_887.wav,clean
audio_412.wav,clean
audio_121.wav,clean
audio_343.wav,clean
audio_2054.wav,clean
audio_388.wav,clean
audio_938.wav,clean
audio_1275.wav,clean
audio_1612.wav,clean
audio_1582.wav,clean
audio_1400.wav,clean
audio_1106.wav,clean
audio_1826.wav,clean
audio_1752.wav,clean
audio_1341.wav,clean
audio_385.wav,clean
audio_737.wav,clean
audio_2101.wav,clean
audio_2122.wav,clean
audio_846.wav,clean
audio_1974.wav,clean
audio_1501.wav,clean
audio_750.wav,clean
audio_854.wav,clean
audio_1454.wav,clean
audio_1111.wav,clean
audio_650.wav,clean
audio_821.wav,clean
audio_1935.wav,clean
audio_1294.wav,clean
audio_122.wav,clean
audio_164.wav,clean
audio_681.wav,clean
audio_662.wav,clean
audio_323.wav,clean
audio_312.wav,clean
audio_384.wav,clean
audio_1831.wav,clean
audio_1257.wav,clean
audio_1789.wav,clean
audio_100.wav,clean
audio_1405.wav,clean
audio_1008.wav,clean
audio_2006.wav,clean
audio_666.wav,clean
audio_603.wav,clean
audio_275.wav,clean
audio_1057.wav,clean
audio_1080.wav,clean
audio_1813.wav,clean
audio_147.wav,clean
audio_115.wav,clean
audio_1155.wav,clean
audio_306.wav,clean
audio_1620.wav,clean
audio_816.wav,clean
audio_413.wav,clean
audio_1625.wav,clean
audio_2015.wav,clean
audio_1258.wav,clean
audio_1123.wav,clean
audio_670.wav,clean
audio_1996.wav,clean
audio_740.wav,clean
audio_917.wav,clean
audio_106.wav,clean
audio_1149.wav,clean
audio_69.wav,clean
audio_954.wav,clean
audio_1107.wav,clean
audio_1060.wav,clean
audio_822.wav,clean
audio_1879.wav,clean
audio_562.wav,clean
audio_1806.wav,clean
audio_1376.wav,clean
audio_282.wav,clean
audio_1044.wav,clean
audio_637.wav,clean
audio_778.wav,clean
audio_719.wav,clean
audio_1391.wav,clean
audio_595.wav,clean
audio_829.wav,clean
audio_1745.wav,clean
audio_1914.wav,clean
audio_667.wav,clean
audio_222.wav,clean
audio_990.wav,clean
audio_807.wav,clean
audio_64.wav,clean
audio_1770.wav,clean
audio_1449.wav,clean
audio_2038.wav,clean
audio_1433.wav,clean
audio_1430.wav,clean
audio_1704.wav,clean
audio_554.wav,clean
audio_447.wav,clean
audio_1797.wav,clean
audio_1089.wav,clean
audio_32.wav,clean
audio_216.wav,clean
audio_1638.wav,clean
audio_1547.wav,clean
audio_1401.wav,clean
audio_386.wav,clean
audio_1162.wav,clean
audio_1610.wav,clean
audio_1747.wav,clean
audio_35.wav,clean
audio_1377.wav,clean
audio_1703.wav,clean
audio_1150.wav,clean
audio_1765.wav,clean
audio_722.wav,clean
audio_364.wav,clean
audio_1952.wav,clean
audio_866.wav,clean
audio_410.wav,clean
audio_1883.wav,clean
audio_1786.wav,clean
audio_2142.wav,clean
audio_290.wav,clean
audio_1033.wav,clean
audio_129.wav,clean
audio_393.wav,clean
audio_1002.wav,clean
audio_245.wav,clean
audio_1350.wav,clean
audio_1561.wav,clean
audio_2136.wav,clean
audio_980.wav,clean
audio_824.wav,clean
audio_1187.wav,clean
audio_148.wav,clean
audio_225.wav,clean
audio_94.wav,clean
audio_855.wav,clean
audio_593.wav,clean
audio_146.wav,clean
audio_280.wav,clean
audio_1794.wav,clean
audio_1075.wav,clean
audio_1604.wav,clean
audio_1793.wav,clean
audio_1922.wav,clean
audio_817.wav,clean
audio_721.wav,clean
audio_1367.wav,clean
audio_264.wav,clean
audio_471.wav,clean
audio_865.wav,clean
audio_2028.wav,clean
audio_1223.wav,clean
audio_1274.wav,clean
audio_970.wav,clean
audio_571.wav,clean
audio_732.wav,clean
audio_818.wav,clean
audio_119.wav,clean
audio_994.wav,clean
audio_1943.wav,clean
audio_1451.wav,clean
audio_48.wav,clean
audio_1814.wav,clean
audio_508.wav,clean
audio_63.wav,clean
audio_968.wav,clean
audio_1028.wav,clean
audio_590.wav,clean
audio_1522.wav,clean
audio_1569.wav,clean
audio_1918.wav,clean
audio_1207.wav,clean
audio_354.wav,clean
audio_3.wav,clean
audio_1875.wav,clean
audio_309.wav,clean
audio_1486.wav,clean
audio_1384.wav,clean
audio_1892.wav,clean
audio_1104.wav,clean
audio_499.wav,clean
audio_143.wav,clean
audio_879.wav,clean
audio_641.wav,clean
audio_40.wav,clean
audio_591.wav,clean
audio_1718.wav,clean
audio_2056.wav,clean
audio_1133.wav,clean
audio_249.wav,clean
audio_849.wav,clean
audio_350.wav,clean
audio_19.wav,clean
audio_916.wav,clean
audio_784.wav,clean
audio_2048.wav,clean
audio_1003.wav,clean
audio_1431.wav,clean
audio_536.wav,clean
audio_1027.wav,clean
audio_1990.wav,clean
audio_1665.wav,clean
audio_191.wav,clean
audio_453.wav,clean
audio_693.wav,clean
audio_1889.wav,clean
audio_1640.wav,clean
audio_577.wav,clean
audio_446.wav,clean
audio_793.wav,clean
audio_284.wav,clean
audio_1100.wav,clean
audio_1593.wav,clean
audio_1172.wav,clean
audio_1303.wav,clean
audio_625.wav,clean
audio_1867.wav,clean
audio_1980.wav,clean
audio_1410.wav,clean
audio_1139.wav,clean
audio_1423.wav,clean
audio_504.wav,clean
audio_516.wav,clean
audio_2111.wav,clean
audio_2008.wav,clean
audio_1166.wav,clean
audio_102.wav,clean
audio_2026.wav,clean
audio_125.wav,clean
audio_429.wav,clean
audio_1749.wav,clean
audio_1662.wav,clean
audio_748.wav,clean
audio_851.wav,clean
audio_2096.wav,clean
audio_687.wav,clean
audio_204.wav,clean
audio_1973.wav,clean
audio_858.wav,clean
audio_165.wav,clean
audio_1526.wav,clean
audio_1121.wav,clean
audio_588.wav,clean
audio_1680.wav,clean
audio_545.wav,clean
audio_114.wav,clean
audio_1390.wav,clean
audio_2145.wav,clean
audio_1217.wav,clean
audio_814.wav,clean
audio_1016.wav,clean
audio_396.wav,clean
audio_85.wav,clean
audio_397.wav,clean
audio_1902.wav,clean
audio_616.wav,clean
audio_1216.wav,clean
audio_44.wav,clean
audio_1079.wav,clean
audio_1776.wav,clean
audio_1659.wav,clean
audio_1014.wav,clean
audio_1432.wav,clean
audio_1212.wav,clean
audio_1049.wav,clean
audio_1866.wav,clean
audio_1378.wav,clean
audio_299.wav,clean
audio_1520.wav,clean
audio_120.wav,clean
audio_1297.wav,clean
audio_1512.wav,clean
audio_1472.wav,clean
audio_1534.wav,clean
audio_1375.wav,clean
audio_935.wav,clean
audio_244.wav,clean
audio_1056.wav,clean
audio_276.wav,clean
audio_654.wav,clean
audio_1412.wav,clean
audio_1641.wav,clean
audio_1957.wav,clean
audio_977.wav,clean
audio_307.wav,clean
audio_674.wav,clean
audio_549.wav,clean
audio_415.wav,clean
audio_278.wav,clean
audio_976.wav,clean
audio_1300.wav,clean
audio_2080.wav,clean
audio_1325.wav,clean
audio_1671.wav,clean
audio_2146.wav,clean
audio_324.wav,clean
audio_1578.wav,clean
audio_1163.wav,clean
audio_232.wav,clean
audio_1241.wav,clean
audio_1576.wav,clean
audio_1614.wav,clean
audio_363.wav,clean
audio_1500.wav,clean
audio_1457.wav,clean
audio_700.wav,clean
audio_498.wav,clean
audio_656.wav,clean
audio_316.wav,clean
audio_1767.wav,clean
audio_673.wav,clean
audio_989.wav,clean
audio_1314.wav,clean
audio_1178.wav,clean
audio_1598.wav,clean
audio_598.wav,clean
audio_1854.wav,clean
audio_1452.wav,clean
audio_929.wav,clean
audio_195.wav,clean
audio_277.wav,clean
audio_1809.wav,clean
audio_597.wav,clean
audio_1488.wav,clean
audio_1208.wav,clean
audio_1447.wav,clean
audio_154.wav,clean
audio_1549.wav,clean
audio_1147.wav,clean
audio_411.wav,clean
audio_153.wav,clean
audio_53.wav,clean
audio_272.wav,clean
audio_1912.wav,clean
audio_1936.wav,clean
audio_279.wav,clean
audio_1359.wav,clean
audio_791.wav,clean
audio_373.wav,clean
audio_1189.wav,clean
audio_993.wav,clean
audio_16.wav,clean
audio_218.wav,clean
audio_1852.wav,clean
audio_38.wav,clean
audio_145.wav,clean
audio_2070.wav,clean
audio_615.wav,clean
audio_794.wav,clean
audio_589.wav,clean
audio_1038.wav,clean
audio_1035.wav,clean
audio_2058.wav,clean
audio_1156.wav,clean
audio_1369.wav,clean
audio_155.wav,clean
audio_1874.wav,clean
audio_1466.wav,clean
audio_669.wav,clean
audio_1964.wav,clean
audio_1413.wav,clean
audio_796.wav,clean
audio_1580.wav,clean
audio_2024.wav,clean
audio_72.wav,clean
audio_381.wav,clean
audio_461.wav,clean
audio_228.wav,clean
audio_697.wav,clean
audio_2095.wav,clean
audio_1063.wav,clean
audio_1548.wav,clean
audio_742.wav,clean
audio_1365.wav,clean
audio_326.wav,clean
audio_59.wav,clean
audio_1970.wav,clean
audio_635.wav,clean
audio_1467.wav,clean
audio_1047.wav,clean
audio_2040.wav,clean
audio_368.wav,clean
audio_15.wav,clean
audio_1465.wav,clean
audio_803.wav,clean
audio_912.wav,clean
audio_1803.wav,clean
audio_182.wav,clean
audio_1849.wav,clean
audio_1566.wav,clean
audio_620.wav,clean
audio_1101.wav,clean
audio_909.wav,clean
audio_224.wav,clean
audio_78.wav,clean
audio_377.wav,clean
audio_2125.wav,clean
audio_582.wav,clean
audio_893.wav,clean
audio_261.wav,clean
audio_661.wav,clean
audio_1282.wav,clean
audio_2059.wav,clean
audio_651.wav,clean
audio_738.wav,clean
audio_1907.wav,clean
audio_1801.wav,clean
audio_779.wav,clean
audio_1152.wav,clean
audio_1756.wav,clean
audio_1332.wav,clean
audio_679.wav,clean
audio_1589.wav,clean
audio_1260.wav,clean
audio_1205.wav,clean
audio_269.wav,clean
audio_1628.wav,clean
audio_1161.wav,clean
audio_509.wav,clean
audio_2036.wav,clean
audio_759.wav,clean
audio_1654.wav,clean
audio_87.wav,clean
audio_2031.wav,clean
audio_533.wav,clean
audio_1204.wav,clean
audio_351.wav,clean
audio_458.wav,clean
audio_1165.wav,clean
audio_1693.wav,clean
audio_501.wav,clean
audio_1594.wav,clean
audio_1591.wav,clean
audio_840.wav,clean
audio_1701.wav,clean
audio_1116.wav,clean
audio_777.wav,clean
audio_963.wav,clean
audio_915.wav,clean
audio_23.wav,clean
audio_1392.wav,clean
audio_226.wav,clean
audio_1998.wav,clean
audio_2034.wav,clean
audio_1915.wav,clean
audio_1502.wav,clean
audio_1426.wav,clean
audio_797.wav,clean
audio_945.wav,clean
audio_1851.wav,clean
audio_2120.wav,clean
audio_828.wav,clean
audio_1778.wav,clean
audio_1621.wav,clean
audio_1542.wav,clean
audio_1119.wav,clean
audio_2097.wav,clean
audio_608.wav,clean
audio_1956.wav,clean
audio_1648.wav,clean
audio_982.wav,clean
audio_660.wav,clean
audio_251.wav,clean
audio_1565.wav,clean
audio_2126.wav,clean
audio_113.wav,clean
audio_906.wav,clean
audio_638.wav,clean
audio_1613.wav,clean
audio_1760.wav,clean
audio_1372.wav,clean
audio_1798.wav,clean
audio_1788.wav,clean
audio_1333.wav,clean
audio_568.wav,clean
audio_1626.wav,clean
audio_2025.wav,clean
audio_18.wav,clean
audio_1355.wav,clean
audio_1402.wav,clean
audio_602.wav,clean
audio_2100.wav,clean
audio_274.wav,clean
audio_1642.wav,clean
audio_633.wav,clean
audio_1146.wav,clean
audio_1928.wav,clean
audio_834.wav,clean
audio_559.wav,clean
audio_875.wav,clean
audio_188.wav,clean
audio_1386.wav,clean
audio_1352.wav,clean
audio_1265.wav,clean
audio_1933.wav,clean
audio_1830.wav,clean
audio_648.wav,clean
audio_108.wav,clean
audio_1700.wav,clean
audio_1848.wav,clean
audio_1157.wav,clean
audio_1562.wav,clean
audio_1976.wav,clean
audio_1357.wav,clean
audio_13.wav,clean
audio_217.wav,clean
audio_1228.wav,clean
audio_1018.wav,clean
audio_1527.wav,clean
audio_1615.wav,clean
audio_1545.wav,clean
audio_1965.wav,clean
audio_1186.wav,clean
audio_1483.wav,clean
audio_1381.wav,clean
audio_1515.wav,clean
audio_558.wav,clean
audio_1233.wav,clean
audio_819.wav,clean
audio_321.wav,clean
audio_1644.wav,clean
audio_483.wav,clean
audio_90.wav,clean
audio_89.wav,clean
audio_1434.wav,clean
audio_839.wav,clean
audio_1558.wav,clean
audio_480.wav,clean
audio_1064.wav,clean
audio_1583.wav,clean
audio_456.wav,clean
audio_21.wav,clean
audio_1723.wav,clean
audio_1019.wav,clean
audio_880.wav,clean
audio_423.wav,clean
audio_420.wav,clean
audio_2138.wav,clean
audio_1652.wav,clean
audio_1983.wav,clean
audio_1435.wav,clean
audio_1358.wav,clean
audio_1843.wav,clean
audio_1748.wav,clean
audio_68.wav,clean
audio_792.wav,clean
audio_357.wav,clean
audio_1399.wav,clean
audio_1805.wav,clean
audio_1154.wav,clean
audio_435.wav,clean
audio_1160.wav,clean
audio_1821.wav,clean
audio_2099.wav,clean
audio_884.wav,clean
audio_1758.wav,clean
audio_665.wav,clean
audio_229.wav,clean
audio_209.wav,clean
audio_1276.wav,clean
audio_1850.wav,clean
audio_1743.wav,clean
audio_605.wav,clean
audio_1026.wav,clean
audio_2074.wav,clean
audio_454.wav,clean
audio_1942.wav,clean
audio_4.wav,clean
audio_1091.wav,clean
audio_1463.wav,clean
audio_1030.wav,clean
audio_86.wav,clean
audio_613.wav,clean
audio_11.wav,clean
audio_1535.wav,clean
audio_1524.wav,clean
audio_1804.wav,clean
audio_910.wav,clean
audio_1417.wav,clean
audio_247.wav,clean
audio_1344.wav,clean
audio_713.wav,clean
audio_932.wav,clean
audio_1733.wav,clean
audio_1010.wav,clean
audio_283.wav,clean
audio_1112.wav,clean
audio_438.wav,clean
audio_783.wav,clean
audio_46.wav,clean
audio_1870.wav,clean
audio_1741.wav,clean
audio_2092.wav,clean
audio_996.wav,clean
audio_1144.wav,clean
audio_698.wav,clean
audio_1036.wav,clean
audio_873.wav,clean
audio_949.wav,clean
audio_869.wav,clean
audio_1691.wav,clean
audio_1482.wav,clean
audio_1882.wav,clean
audio_296.wav,clean
audio_1581.wav,clean
audio_390.wav,clean
audio_518.wav,clean
audio_1924.wav,clean
audio_118.wav,clean
audio_1445.wav,clean
audio_686.wav,clean
audio_1284.wav,clean
audio_1273.wav,clean
audio_1312.wav,clean
audio_876.wav,clean
audio_725.wav,clean
audio_1884.wav,clean
audio_1103.wav,clean
audio_1574.wav,clean
audio_2001.wav,clean
audio_1042.wav,clean
audio_1541.wav,clean
audio_1757.wav,clean
audio_500.wav,clean
audio_1678.wav,clean
audio_1407.wav,clean
audio_563.wav,clean
audio_505.wav,clean
audio_1388.wav,clean
audio_523.wav,clean
audio_1584.wav,clean
audio_1710.wav,clean
audio_1824.wav,clean
audio_1618.wav,clean
audio_1326.wav,clean
audio_150.wav,clean
audio_1841.wav,clean
audio_387.wav,clean
audio_1327.wav,clean
audio_579.wav,clean
audio_1863.wav,clean
audio_1920.wav,clean
audio_815.wav,clean
audio_252.wav,clean
audio_1180.wav,clean
audio_1307.wav,clean
audio_1054.wav,clean
audio_1453.wav,clean
audio_2112.wav,clean
audio_2002.wav,clean
audio_653.wav,clean
audio_812.wav,clean
audio_163.wav,clean
audio_1126.wav,clean
audio_1427.wav,clean
audio_310.wav,clean
audio_2033.wav,clean
audio_1382.wav,clean
audio_1505.wav,clean
audio_419.wav,clean
audio_764.wav,clean
audio_1872.wav,clean
audio_1769.wav,clean
audio_496.wav,clean
audio_775.wav,clean
audio_1448.wav,clean
audio_2037.wav,clean
audio_1607.wav,clean
audio_439.wav,clean
audio_289.wav,clean
audio_753.wav,clean
audio_206.wav,clean
audio_708.wav,clean
audio_1782.wav,clean
audio_1403.wav,clean
audio_1833.wav,clean
audio_1494.wav,clean
audio_55.wav,clean
audio_550.wav,clean
audio_1043.wav,clean
audio_529.wav,clean
audio_1185.wav,clean
audio_233.wav,clean
audio_320.wav,clean
audio_1059.wav,clean
audio_325.wav,clean
audio_2068.wav,clean
audio_1792.wav,clean
audio_701.wav,clean
audio_1720.wav,clean
audio_1719.wav,clean
audio_1271.wav,clean
audio_1108.wav,clean
audio_567.wav,clean
audio_870.wav,clean
audio_1790.wav,clean
audio_823.wav,clean
audio_1356.wav,clean
audio_1436.wav,clean
audio_1182.wav,clean
audio_1717.wav,clean
audio_1441.wav,clean
audio_987.wav,clean
audio_1301.wav,clean
audio_1458.wav,clean
audio_1855.wav,clean
audio_1675.wav,clean
audio_1951.wav,clean
audio_1819.wav,clean
audio_1221.wav,clean
audio_474.wav,clean
audio_340.wav,clean
audio_1785.wav,clean
audio_1373.wav,clean
audio_2079.wav,clean
audio_96.wav,clean
audio_2043.wav,clean
audio_763.wav,clean
audio_2010.wav,clean
audio_2027.wav,clean
audio_1127.wav,clean
audio_1713.wav,clean
audio_1711.wav,clean
audio_746.wav,clean
audio_1845.wav,clean
audio_678.wav,clean
audio_1211.wav,clean
audio_503.wav,clean
audio_176.wav,clean
audio_1235.wav,clean
audio_801.wav,clean
audio_898.wav,clean
audio_1676.wav,clean
audio_1264.wav,clean
audio_964.wav,clean
audio_1686.wav,clean
audio_0.wav,clean
audio_1304.wav,clean
audio_540.wav,clean
audio_773.wav,clean
audio_806.wav,clean
audio_1923.wav,clean
audio_1017.wav,clean
audio_303.wav,clean
audio_460.wav,clean
audio_685.wav,clean
audio_749.wav,clean
audio_583.wav,clean
audio_1296.wav,clean
audio_1484.wav,clean
audio_318.wav,clean
audio_520.wav,clean
audio_1840.wav,clean
audio_1544.wav,clean
audio_1214.wav,clean
audio_359.wav,clean
audio_1032.wav,clean
audio_1087.wav,clean
audio_1657.wav,clean
audio_1001.wav,clean
audio_2013.wav,clean
audio_1746.wav,clean
audio_1521.wav,clean
audio_1553.wav,clean
audio_1342.wav,clean
audio_1428.wav,clean
audio_1837.wav,clean
audio_897.wav,clean
audio_1201.wav,clean
audio_1015.wav,clean
audio_1198.wav,clean
audio_473.wav,clean
audio_1138.wav,clean
audio_464.wav,clean
audio_1822.wav,clean
audio_1913.wav,clean
audio_170.wav,clean
audio_17.wav,clean
audio_1509.wav,clean
audio_580.wav,clean
audio_551.wav,clean
audio_2130.wav,clean
audio_1617.wav,clean
audio_1259.wav,clean
audio_317.wav,clean
audio_138.wav,clean
audio_645.wav,clean
audio_718.wav,clean
audio_780.wav,clean
audio_355.wav,clean
audio_259.wav,clean
audio_1173.wav,clean
audio_1383.wav,clean
audio_1443.wav,clean
audio_1082.wav,clean
audio_706.wav,clean
audio_1409.wav,clean
audio_1969.wav,clean
audio_450.wav,clean
audio_2147.wav,clean
audio_878.wav,clean
audio_999.wav,clean
audio_2069.wav,clean
audio_267.wav,clean
audio_1755.wav,clean
audio_219.wav,clean
audio_1206.wav,clean
audio_622.wav,clean
audio_1829.wav,clean
audio_482.wav,clean
audio_1213.wav,clean
audio_1687.wav,clean
audio_717.wav,clean
audio_1715.wav,clean
audio_604.wav,clean
audio_76.wav,clean
audio_494.wav,clean
audio_1072.wav,clean
audio_80.wav,clean
audio_1953.wav,clean
audio_983.wav,clean
audio_1192.wav,clean
audio_1062.wav,clean
audio_378.wav,clean
audio_430.wav,clean
audio_1949.wav,clean
audio_1744.wav,clean
audio_1869.wav,clean
audio_484.wav,clean
audio_1132.wav,clean
audio_1514.wav,clean
audio_1415.wav,clean
audio_1225.wav,clean
audio_1586.wav,clean
audio_1740.wav,clean
audio_760.wav,clean
audio_1783.wav,clean
audio_409.wav,clean
audio_543.wav,clean
audio_495.wav,clean
audio_1944.wav,clean
audio_727.wav,clean
audio_215.wav,clean
audio_1183.wav,clean
audio_804.wav,clean
audio_1252.wav,clean
audio_99.wav,clean
audio_47.wav,clean
audio_883.wav,clean
audio_1921.wav,clean
audio_711.wav,clean
audio_702.wav,clean
audio_1707.wav,clean
audio_1858.wav,clean
audio_1200.wav,clean
audio_896.wav,clean
audio_1422.wav,clean
audio_479.wav,clean
audio_1493.wav,clean
audio_995.wav,clean
audio_1291.wav,clean
audio_561.wav,clean
audio_1868.wav,clean
audio_255.wav,clean
audio_178.wav,clean
audio_1861.wav,clean
audio_675.wav,clean
audio_394.wav,clean
audio_631.wav,clean
audio_939.wav,clean
audio_1510.wav,clean
audio_1242.wav,clean
audio_1256.wav,clean
audio_1568.wav,clean
audio_835.wav,clean
audio_1947.wav,clean
audio_1115.wav,clean
audio_1191.wav,clean
audio_958.wav,clean
audio_2016.wav,clean
audio_1470.wav,clean
audio_1311.wav,clean
audio_302.wav,clean
audio_747.wav,clean
audio_185.wav,clean
audio_1209.wav,clean
audio_1196.wav,clean
audio_1308.wav,clean
audio_1999.wav,clean
audio_1787.wav,clean
audio_1.wav,clean
audio_710.wav,clean
audio_186.wav,clean
audio_1495.wav,clean
audio_6.wav,clean
audio_1571.wav,clean
audio_951.wav,clean
audio_194.wav,clean
audio_1525.wav,clean
audio_1673.wav,clean
audio_207.wav,clean
audio_560.wav,clean
audio_391.wav,clean
audio_2046.wav,clean
audio_692.wav,clean
audio_1394.wav,clean
audio_2134.wav,clean
audio_1955.wav,clean
audio_1538.wav,clean
audio_933.wav,clean
audio_733.wav,clean
audio_1099.wav,clean
audio_417.wav,clean
audio_1334.wav,clean
audio_243.wav,clean
audio_24.wav,clean
audio_130.wav,clean
audio_1279.wav,clean
audio_1958.wav,clean
audio_981.wav,clean
audio_1890.wav,clean
audio_1251.wav,clean
audio_336.wav,clean
audio_58.wav,clean
audio_894.wav,clean
audio_297.wav,clean
audio_30.wav,clean
audio_1052.wav,clean
audio_1240.wav,clean
audio_2014.wav,clean
audio_1887.wav,clean
audio_1637.wav,clean
audio_860.wav,clean
audio_1011.wav,clean
audio_2052.wav,clean
audio_1985.wav,clean
audio_978.wav,clean
audio_1411.wav,clean
audio_478.wav,clean
audio_1343.wav,clean
audio_77.wav,clean
audio_1374.wav,clean
audio_1682.wav,clean
audio_477.wav,clean
audio_1919.wav,clean
audio_2109.wav,clean
audio_200.wav,clean
audio_943.wav,clean
audio_202.wav,clean
audio_497.wav,clean
audio_618.wav,clean
audio_891.wav,clean
audio_1931.wav,clean
audio_609.wav,clean
audio_339.wav,clean
audio_642.wav,clean
audio_739.wav,clean
audio_2067.wav,clean
audio_1623.wav,clean
audio_427.wav,clean
audio_104.wav,clean
audio_923.wav,clean
audio_468.wav,clean
audio_799.wav,clean
audio_800.wav,clean
audio_337.wav,clean
audio_1736.wav,clean
audio_346.wav,clean
audio_1224.wav,clean
audio_1636.wav,clean
audio_1237.wav,clean
audio_1084.wav,clean
audio_2104.wav,clean
audio_101.wav,clean
audio_2140.wav,clean
audio_1846.wav,clean
audio_1177.wav,clean
audio_1364.wav,clean
audio_291.wav,clean
audio_612.wav,clean
audio_2088.wav,clean
audio_1292.wav,clean
audio_433.wav,clean
audio_1812.wav,clean
audio_380.wav,clean
audio_1950.wav,clean
audio_984.wav,clean
audio_805.wav,clean
audio_1085.wav,clean
audio_1864.wav,clean
audio_135.wav,clean
audio_1645.wav,clean
audio_109.wav,clean
audio_2055.wav,clean
audio_1523.wav,clean
audio_731.wav,clean
audio_1490.wav,clean
audio_1194.wav,clean
audio_900.wav,clean
audio_924.wav,clean
audio_1588.wav,clean
audio_623.wav,clean
audio_2121.wav,clean
audio_2094.wav,clean
audio_298.wav,clean
audio_1639.wav,clean
audio_913.wav,clean
audio_1229.wav,clean
audio_843.wav,clean
audio_985.wav,clean
audio_1734.wav,clean
audio_288.wav,clean
audio_715.wav,clean
audio_921.wav,clean
audio_927.wav,clean
audio_2123.wav,clean
audio_1817.wav,clean
audio_1193.wav,clean
audio_776.wav,clean
audio_360.wav,clean
audio_1226.wav,clean
audio_1818.wav,clean
audio_476.wav,clean
audio_1839.wav,clean
audio_1836.wav,clean
audio_1633.wav,clean
audio_1828.wav,clean
audio_1533.wav,clean
audio_856.wav,clean
audio_158.wav,clean
audio_1563.wav,clean
audio_1940.wav,clean
audio_1859.wav,clean
audio_1992.wav,clean
audio_2041.wav,clean
audio_1775.wav,clean
audio_451.wav,clean
audio_1603.wav,clean
audio_1507.wav,clean
audio_1559.wav,clean
audio_140.wav,clean
audio_141.wav,clean
audio_322.wav,clean
audio_522.wav,clean
audio_988.wav,clean
audio_2051.wav,clean
audio_2073.wav,clean
audio_1966.wav,clean
audio_344.wav,clean
audio_1725.wav,clean
audio_1529.wav,clean
audio_1977.wav,clean
audio_42.wav,clean
audio_395.wav,clean
audio_1168.wav,clean
audio_756.wav,clean
audio_1597.wav,clean
audio_714.wav,clean
audio_1536.wav,clean
audio_871.wav,clean
audio_301.wav,clean
audio_1605.wav,clean
audio_1368.wav,clean
audio_1040.wav,clean
audio_1125.wav,clean
audio_1860.wav,clean
audio_1993.wav,clean
audio_1456.wav,clean
audio_1335.wav,clean
audio_1347.wav,clean
audio_1331.wav,clean
audio_998.wav,clean
audio_1083.wav,clean
audio_211.wav,clean
audio_1153.wav,clean
audio_1699.wav,clean
audio_1309.wav,clean
audio_400.wav,clean
audio_370.wav,clean
audio_57.wav,clean
audio_1141.wav,clean
audio_341.wav,clean
audio_45.wav,clean
audio_424.wav,clean
audio_955.wav,clean
audio_2089.wav,clean
audio_1069.wav,clean
audio_127.wav,clean
audio_809.wav,clean
audio_345.wav,clean
audio_2085.wav,clean
audio_1319.wav,clean
audio_403.wav,clean
audio_240.wav,clean
audio_489.wav,clean
audio_1218.wav,clean
audio_1894.wav,clean
audio_1506.wav,clean
audio_1595.wav,clean
audio_1560.wav,clean
audio_1911.wav,clean
audio_2086.wav,clean
audio_546.wav,clean
audio_1587.wav,clean
audio_399.wav,clean
audio_1370.wav,clean
audio_2075.wav,clean
audio_872.wav,clean
audio_449.wav,clean
audio_1481.wav,clean
audio_1318.wav,clean
audio_1195.wav,clean
audio_1600.wav,clean
audio_1290.wav,clean
audio_1243.wav,clean
audio_371.wav,clean
audio_1651.wav,clean
audio_353.wav,clean
audio_404.wav,clean
audio_986.wav,clean
audio_1306.wav,clean
audio_91.wav,clean
audio_465.wav,clean
audio_1762.wav,clean
audio_105.wav,clean
audio_7.wav,clean
audio_535.wav,clean
audio_416.wav,clean
audio_716.wav,clean
audio_1380.wav,clean
audio_1724.wav,clean
audio_1102.wav,clean
audio_1249.wav,clean
audio_1188.wav,clean
audio_724.wav,clean
audio_1280.wav,clean
audio_1898.wav,clean
audio_132.wav,clean
audio_1709.wav,clean
audio_349.wav,clean
audio_903.wav,clean
audio_1881.wav,clean
audio_313.wav,clean
audio_156.wav,clean
audio_366.wav,clean
audio_1685.wav,clean
audio_1323.wav,clean
audio_2093.wav,clean
audio_1236.wav,clean
audio_79.wav,clean
audio_971.wav,clean
audio_1418.wav,clean
audio_2105.wav,clean
audio_1231.wav,clean
audio_1774.wav,clean
audio_1865.wav,clean
audio_888.wav,clean
audio_112.wav,clean
audio_552.wav,clean
audio_174.wav,clean
audio_2077.wav,clean
audio_1295.wav,clean
audio_1570.wav,clean
audio_486.wav,clean
audio_1395.wav,clean
audio_157.wav,clean
audio_1020.wav,clean
audio_71.wav,clean
audio_1695.wav,clean
audio_1564.wav,clean
audio_210.wav,clean
audio_2108.wav,clean
audio_407.wav,clean
audio_1629.wav,clean
audio_66.wav,clean
audio_517.wav,clean
audio_1959.wav,clean
audio_1437.wav,clean
audio_152.wav,clean
audio_1270.wav,clean
audio_795.wav,clean
audio_1995.wav,clean
audio_440.wav,clean
audio_1543.wav,clean
audio_1895.wav,clean
audio_73.wav,clean
audio_1459.wav,clean
audio_813.wav,clean
audio_606.wav,clean
audio_250.wav,clean
audio_585.wav,clean
audio_212.wav,clean
audio_475.wav,clean
audio_1029.wav,clean
audio_1371.wav,clean
audio_2114.wav,clean
audio_160.wav,clean
audio_2066.wav,clean
audio_9.wav,clean
audio_1277.wav,clean
audio_1039.wav,clean
audio_1175.wav,clean
audio_767.wav,clean
audio_428.wav,clean
audio_671.wav,clean
audio_1739.wav,clean
audio_1098.wav,clean
audio_418.wav,clean
audio_664.wav,clean
audio_2030.wav,clean
audio_1674.wav,clean
audio_771.wav,clean
audio_1000.wav,clean
audio_220.wav,clean
audio_596.wav,clean
audio_630.wav,clean
audio_1360.wav,clean
audio_39.wav,clean
audio_1800.wav,clean
audio_1215.wav,clean
audio_1960.wav,clean
audio_189.wav,clean
audio_2081.wav,clean
audio_594.wav,clean
audio_1438.wav,clean
audio_1807.wav,clean
audio_672.wav,clean
audio_1781.wav,clean
audio_485.wav,clean
audio_857.wav,clean
audio_1885.wav,clean
audio_1136.wav,clean
audio_704.wav,clean
audio_1491.wav,clean
audio_1941.wav,clean
audio_556.wav,clean
audio_1694.wav,clean
audio_1169.wav,clean
audio_997.wav,clean
audio_705.wav,clean
audio_1888.wav,clean
audio_97.wav,clean
audio_2003.wav,clean
audio_1474.wav,clean
audio_1113.wav,clean
audio_1835.wav,clean
audio_2062.wav,clean
audio_2071.wav,clean
audio_1379.wav,clean
audio_1601.wav,clean
audio_2065.wav,clean
audio_1114.wav,clean
audio_928.wav,clean
audio_2009.wav,clean
audio_1624.wav,clean
audio_239.wav,clean
audio_1815.wav,clean
audio_640.wav,clean
audio_1590.wav,clean
audio_709.wav,clean
audio_1450.wav,clean
audio_1298.wav,clean
audio_519.wav,clean
audio_754.wav,clean
audio_1697.wav,clean
audio_2017.wav,clean
audio_827.wav,clean
audio_1773.wav,clean
audio_83.wav,clean
audio_70.wav,clean
audio_1684.wav,clean
audio_203.wav,clean
audio_1735.wav,clean
audio_1899.wav,clean
audio_1320.wav,clean
audio_1496.wav,clean
audio_2127.wav,clean
audio_159.wav,clean
audio_347.wav,clean
audio_95.wav,clean
audio_1688.wav,clean
audio_564.wav,clean
audio_300.wav,clean
audio_1086.wav,clean
audio_28.wav,clean
audio_1095.wav,clean
audio_2098.wav,clean
audio_1179.wav,clean
audio_877.wav,clean
audio_1986.wav,clean
audio_335.wav,clean
audio_2044.wav,clean
audio_2139.wav,clean
audio_1446.wav,clean
audio_960.wav,clean
audio_392.wav,clean
audio_2078.wav,clean
audio_905.wav,clean
audio_528.wav,clean
audio_2143.wav,clean
audio_542.wav,clean
audio_1151.wav,clean
audio_2110.wav,clean
audio_1088.wav,clean
audio_131.wav,clean
audio_1045.wav,clean
audio_538.wav,clean
audio_919.wav,clean
audio_636.wav,clean
audio_1777.wav,clean
audio_1128.wav,clean
audio_573.wav,clean
audio_166.wav,clean
audio_445.wav,clean
audio_1557.wav,clean
audio_1690.wav,clean
audio_1984.wav,clean
audio_1896.wav,clean
audio_1338.wav,clean
audio_639.wav,clean
audio_758.wav,clean
audio_472.wav,clean
audio_601.wav,clean
audio_84.wav,clean
audio_172.wav,clean
audio_329.wav,clean
audio_425.wav,clean
audio_1692.wav,clean
audio_626.wav,clean
audio_592.wav,clean
audio_852.wav,clean
audio_103.wav,clean
audio_1478.wav,clean
audio_789.wav,clean
audio_173.wav,clean
audio_62.wav,clean
audio_1093.wav,clean
audio_1425.wav,clean
audio_931.wav,clean
audio_1606.wav,clean
audio_144.wav,clean
audio_1729.wav,clean
audio_1609.wav,clean
audio_1117.wav,clean
audio_1722.wav,clean
audio_151.wav,clean
audio_1145.wav,clean
audio_1619.wav,clean
audio_1339.wav,clean
audio_770.wav,clean
audio_572.wav,clean
audio_576.wav,clean
audio_463.wav,clean
audio_88.wav,clean
audio_273.wav,clean
audio_1396.wav,clean
audio_942.wav,clean
audio_901.wav,clean
audio_1647.wav,clean
audio_2137.wav,clean
audio_374.wav,clean
audio_1810.wav,clean
audio_1363.wav,clean
audio_1780.wav,clean
audio_1808.wav,clean
audio_2023.wav,clean
audio_1385.wav,clean
audio_1631.wav,clean
audio_2063.wav,clean
audio_448.wav,clean
audio_947.wav,clean
audio_1948.wav,clean
audio_1053.wav,clean
audio_948.wav,clean
audio_1668.wav,clean
audio_599.wav,clean
audio_26.wav,clean
audio_1927.wav,clean
audio_1455.wav,clean
audio_920.wav,clean
audio_162.wav,clean
audio_107.wav,clean
audio_1771.wav,clean
audio_1023.wav,clean
audio_2131.wav,clean
audio_1406.wav,clean
audio_2149.wav,clean
audio_1938.wav,clean
audio_1880.wav,clean
audio_584.wav,clean
audio_565.wav,clean
audio_305.wav,clean
audio_918.wav,clean
audio_1517.wav,clean
audio_967.wav,clean
audio_20.wav,clean
audio_1910.wav,clean
audio_578.wav,clean
audio_168.wav,clean
audio_1324.wav,clean
audio_1004.wav,clean
audio_213.wav,clean
audio_1897.wav,clean
audio_941.wav,clean
audio_169.wav,clean
audio_1886.wav,clean
audio_2107.wav,clean
audio_214.wav,clean
audio_772.wav,clean
audio_1611.wav,clean
audio_899.wav,clean
audio_1254.wav,clean
audio_2064.wav,clean
audio_867.wav,clean
audio_1827.wav,clean
audio_221.wav,clean
audio_1906.wav,clean
audio_236.wav,clean
audio_734.wav,clean
audio_1905.wav,clean
audio_1007.wav,clean
audio_890.wav,clean
audio_1932.wav,clean
audio_720.wav,clean
audio_2132.wav,clean
audio_124.wav,clean
audio_769.wav,clean
audio_466.wav,clean
audio_655.wav,clean
audio_944.wav,clean
audio_1429.wav,clean
audio_1220.wav,clean
audio_684.wav,clean
audio_1464.wav,clean
audio_1766.wav,clean
audio_1034.wav,clean
audio_192.wav,clean
audio_1862.wav,clean
audio_619.wav,clean
audio_728.wav,clean
audio_231.wav,clean
audio_837.wav,clean
audio_1937.wav,clean
audio_405.wav,clean
audio_911.wav,clean
audio_1727.wav,clean
audio_1222.wav,clean
audio_1511.wav,clean
audio_36.wav,clean
audio_953.wav,clean
audio_1171.wav,clean
audio_2103.wav,clean
audio_1811.wav,clean
audio_133.wav,clean
audio_1480.wav,clean
audio_914.wav,clean
audio_1081.wav,clean
audio_1096.wav,clean
audio_1421.wav,clean
audio_1009.wav,clean
audio_1442.wav,clean
audio_842.wav,clean
audio_1552.wav,clean
audio_263.wav,clean
audio_1681.wav,clean
audio_1316.wav,clean
audio_2124.wav,clean
audio_2.wav,clean
audio_2053.wav,clean
audio_356.wav,clean
audio_1997.wav,clean
audio_703.wav,clean
audio_1393.wav,clean
audio_2091.wav,clean
audio_1148.wav,clean
audio_52.wav,clean
audio_1689.wav,clean
audio_293.wav,clean
audio_1635.wav,clean
audio_1281.wav,clean
audio_1013.wav,clean
audio_1348.wav,clean
audio_41.wav,clean
audio_1283.wav,clean
audio_33.wav,clean
audio_832.wav,clean
audio_530.wav,clean
audio_1664.wav,clean
audio_235.wav,clean
audio_1238.wav,clean
audio_761.wav,clean
audio_820.wav,clean
audio_490.wav,clean
audio_1477.wav,clean
audio_511.wav,clean
audio_555.wav,clean
audio_2042.wav,clean
audio_171.wav,clean
audio_1585.wav,clean
audio_1857.wav,clean
audio_611.wav,clean
audio_610.wav,clean
audio_1532.wav,clean
audio_1210.wav,clean
audio_330.wav,clean
audio_844.wav,clean
audio_1820.wav,clean
audio_1742.wav,clean
audio_1503.wav,clean
audio_1336.wav,clean
audio_1051.wav,clean
audio_2060.wav,clean
audio_1253.wav,clean
audio_180.wav,clean
audio_492.wav,clean
audio_1730.wav,clean
audio_382.wav,clean
audio_426.wav,clean
audio_574.wav,clean
audio_925.wav,clean
audio_847.wav,clean
audio_2118.wav,clean
audio_1012.wav,clean
audio_1278.wav,clean
audio_1266.wav,clean
audio_1929.wav,clean
audio_481.wav,clean
audio_765.wav,clean
audio_177.wav,clean
audio_361.wav,clean
audio_1926.wav,clean
audio_907.wav,clean
audio_1232.wav,clean
audio_2087.wav,clean
audio_2076.wav,clean
audio_1293.wav,clean
audio_2020.wav,clean
audio_1227.wav,clean
audio_1315.wav,clean
audio_1667.wav,clean
audio_1856.wav,clean
audio_868.wav,clean
audio_657.wav,clean
audio_885.wav,clean
audio_808.wav,clean
audio_93.wav,clean
audio_1074.wav,clean
audio_908.wav,clean
audio_49.wav,clean
audio_184.wav,clean
audio_260.wav,clean
audio_2090.wav,clean
audio_825.wav,clean
audio_1516.wav,clean
audio_98.wav,clean
audio_1469.wav,clean
audio_1487.wav,clean
audio_1046.wav,clean
audio_745.wav,clean
audio_889.wav,clean
audio_683.wav,clean
audio_246.wav,clean
audio_1934.wav,clean
audio_1751.wav,clean
audio_372.wav,clean
audio_514.wav,clean
audio_2057.wav,clean
audio_1219.wav,clean
audio_1489.wav,clean
audio_786.wav,clean
audio_798.wav,clean
audio_788.wav,clean
audio_441.wav,clean
audio_862.wav,clean
audio_1387.wav,clean
audio_1361.wav,clean
audio_1708.wav,clean
audio_1143.wav,clean
audio_1366.wav,clean
audio_2117.wav,clean
audio_1838.wav,clean
audio_1627.wav,clean
audio_969.wav,clean
audio_1763.wav,clean
audio_258.wav,clean
audio_975.wav,clean
audio_467.wav,clean
audio_629.wav,clean
audio_1847.wav,clean
audio_544.wav,clean
audio_1468.wav,clean
audio_652.wav,clean
audio_1024.wav,clean
audio_10.wav,clean
audio_2035.wav,clean
audio_1513.wav,clean
audio_1351.wav,clean
audio_712.wav,clean
audio_1877.wav,clean
audio_1528.wav,clean
audio_751.wav,clean
audio_1791.wav,clean
audio_787.wav,clean
audio_1134.wav,clean
audio_1130.wav,clean
audio_442.wav,clean
audio_126.wav,clean
audio_311.wav,clean
audio_1904.wav,clean
audio_1634.wav,clean
audio_1050.wav,clean
audio_1498.wav,clean
audio_1346.wav,clean
audio_1630.wav,clean
audio_992.wav,clean
audio_506.wav,clean
audio_1302.wav,clean
audio_265.wav,clean
audio_781.wav,clean
audio_1738.wav,clean
audio_972.wav,clean
audio_886.wav,clean
audio_524.wav,clean
audio_575.wav,clean
audio_757.wav,clean
audio_1419.wav,clean
audio_621.wav,clean
audio_691.wav,clean
audio_1978.wav,clean
audio_566.wav,clean
audio_332.wav,clean
audio_755.wav,clean
audio_790.wav,clean
audio_586.wav,clean
audio_56.wav,clean
audio_1476.wav,clean
audio_110.wav,clean
audio_864.wav,clean
audio_1129.wav,clean
audio_51.wav,clean
audio_1823.wav,clean
audio_1979.wav,clean
audio_1246.wav,clean
audio_1137.wav,clean
audio_1070.wav,clean
audio_845.wav,clean
audio_617.wav,clean
audio_1753.wav,clean
audio_1972.wav,clean
audio_752.wav,clean
audio_1572.wav,clean
audio_553.wav,clean
audio_238.wav,clean
audio_850.wav,clean
audio_401.wav,clean
audio_1622.wav,clean
audio_1677.wav,clean
audio_2000.wav,clean
audio_1592.wav,clean
audio_904.wav,clean
audio_1471.wav,clean
audio_979.wav,clean
audio_60.wav,clean
audio_2102.wav,clean
audio_81.wav,clean
audio_117.wav,clean
audio_1440.wav,clean
audio_348.wav,clean
audio_462.wav,clean
audio_895.wav,clean
audio_811.wav,clean
audio_328.wav,clean
audio_1963.wav,clean
audio_1917.wav,clean
audio_1706.wav,clean
audio_707.wav,clean
audio_1288.wav,clean
audio_1968.wav,clean
audio_443.wav,clean
audio_1031.wav,clean
audio_802.wav,clean
audio_1608.wav,clean
audio_285.wav,clean
audio_2049.wav,clean
audio_262.wav,clean
audio_455.wav,clean
audio_644.wav,clean
audio_1853.wav,clean
audio_1531.wav,clean
audio_646.wav,clean
audio_2045.wav,clean
audio_2116.wav,clean
audio_1159.wav,clean
audio_974.wav,clean
audio_1716.wav,clean
audio_1632.wav,clean
audio_136.wav,clean
audio_532.wav,clean
audio_1250.wav,clean
audio_614.wav,clean
audio_744.wav,clean
audio_1285.wav,clean
audio_436.wav,clean
audio_1097.wav,clean
audio_242.wav,clean
audio_527.wav,clean
audio_1844.wav,clean
audio_1135.wav,clean
audio_1878.wav,clean
audio_331.wav,clean
audio_682.wav,clean
audio_5.wav,clean
audio_1167.wav,clean
audio_1263.wav,clean
audio_525.wav,clean
audio_1397.wav,clean
audio_459.wav,clean
audio_1408.wav,clean
audio_1094.wav,clean
audio_1479.wav,clean
audio_541.wav,clean
audio_521.wav,clean
audio_111.wav,clean
audio_1255.wav,clean
audio_937.wav,clean
audio_1643.wav,clean
audio_1925.wav,clean
audio_1784.wav,clean
audio_1537.wav,clean
audio_2021.wav,clean
audio_379.wav,clean
audio_1567.wav,clean
audio_1579.wav,clean
audio_286.wav,clean
audio_729.wav,clean
audio_254.wav,clean
audio_1068.wav,clean
audio_831.wav,clean
audio_1140.wav,clean
audio_201.wav,clean
audio_1048.wav,clean
audio_175.wav,clean
audio_271.wav,clean
audio_1916.wav,clean
audio_469.wav,clean
audio_37.wav,clean
audio_457.wav,clean
audio_961.wav,clean
audio_1871.wav,clean
audio_1234.wav,clean
audio_1761.wav,clean
audio_1802.wav,clean
audio_1670.wav,clean
audio_1071.wav,clean
audio_1021.wav,clean
audio_689.wav,clean
audio_1750.wav,clean
audio_833.wav,clean
audio_270.wav,clean
audio_1420.wav,clean
audio_205.wav,clean
audio_389.wav,clean
audio_1737.wav,clean
audio_1508.wav,clean
audio_2012.wav,clean
audio_1076.wav,clean
audio_1876.wav,clean
audio_2007.wav,clean
audio_838.wav,clean
audio_402.wav,clean
audio_512.wav,clean
audio_1322.wav,clean
audio_65.wav,clean
audio_1834.wav,clean
audio_197.wav,clean
audio_1299.wav,clean
audio_223.wav,clean
audio_241.wav,clean
audio_537.wav,clean
audio_957.wav,clean
audio_1110.wav,clean
audio_1967.wav,clean
audio_1345.wav,clean
audio_1416.wav,clean
audio_1825.wav,clean
audio_830.wav,clean
audio_973.wav,clean
audio_1946.wav,clean
audio_1504.wav,clean
audio_2128.wav,clean
audio_352.wav,clean
audio_137.wav,clean
audio_1305.wav,clean
audio_1679.wav,clean
audio_266.wav,clean
audio_1176.wav,clean
audio_1025.wav,clean
audio_1289.wav,clean
audio_1661.wav,clean
audio_882.wav,clean
audio_531.wav,clean
audio_294.wav,clean
audio_1190.wav,clean
audio_507.wav,clean
audio_2119.wav,clean
audio_940.wav,clean
audio_2011.wav,clean
audio_1499.wav,clean
audio_1354.wav,clean
audio_287.wav,clean
audio_1705.wav,clean
audio_319.wav,clean
audio_1577.wav,clean
audio_2022.wav,clean
audio_54.wav,clean
audio_2004.wav,clean
audio_768.wav,clean
audio_1663.wav,clean
audio_1764.wav,clean
audio_1248.wav,clean
audio_414.wav,clean
audio_1245.wav,clean
audio_375.wav,clean
audio_570.wav,clean
audio_785.wav,clean
audio_342.wav,clean
audio_534.wav,clean
audio_2083.wav,clean
audio_1337.wav,clean
audio_1184.wav,clean
audio_695.wav,clean
audio_61.wav,clean
audio_1596.wav,clean
audio_1497.wav,clean
audio_1768.wav,clean
audio_741.wav,clean
audio_515.wav,clean
audio_966.wav,clean
audio_548.wav,clean
audio_502.wav,clean
audio_1473.wav,clean
audio_647.wav,clean
audio_1991.wav,clean
audio_676.wav,clean
audio_1903.wav,clean
audio_358.wav,clean
audio_1901.wav,clean
audio_902.wav,clean
audio_699.wav,clean
audio_1795.wav,clean
audio_1058.wav,clean
audio_557.wav,clean
audio_1981.wav,clean
audio_1772.wav,clean
audio_1362.wav,clean
audio_1930.wav,clean
audio_308.wav,clean
audio_892.wav,clean
audio_1061.wav,clean
audio_248.wav,clean
audio_1328.wav,clean
audio_743.wav,clean
audio_1728.wav,clean
audio_142.wav,clean
audio_1424.wav,clean
audio_1546.wav,clean
audio_304.wav,clean
audio_1939.wav,clean
audio_1239.wav,clean
audio_1873.wav,clean
audio_1460.wav,clean
audio_1329.wav,clean
audio_292.wav,clean
audio_841.wav,clean
audio_67.wav,clean
audio_1539.wav,clean
audio_1349.wav,clean
audio_1118.wav,clean
audio_1122.wav,clean
audio_1286.wav,clean
audio_1989.wav,clean
audio_1022.wav,clean
audio_167.wav,clean
audio_1065.wav,clean
audio_659.wav,clean
audio_50.wav,clean
audio_362.wav,clean
audio_434.wav,clean
audio_2133.wav,clean
audio_1660.wav,clean
audio_34.wav,clean
audio_859.wav,clean
audio_1164.wav,clean
audio_1124.wav,clean
audio_444.wav,clean
audio_2135.wav,clean
audio_1321.wav,clean
audio_12.wav,clean
audio_658.wav,clean
audio_74.wav,clean
audio_1653.wav,clean
audio_256.wav,clean
audio_965.wav,clean
audio_1105.wav,clean
audio_1779.wav,clean
audio_253.wav,clean
audio_432.wav,clean
audio_1975.wav,clean
audio_1754.wav,clean
audio_208.wav,clean
audio_82.wav,clean
audio_810.wav,clean
audio_774.wav,clean
audio_1540.wav,clean
audio_452.wav,clean
audio_628.wav,clean
audio_539.wav,clean
audio_946.wav,clean
audio_690.wav,clean
audio_1573.wav,clean
audio_1005.wav,clean
audio_31.wav,clean
audio_2084.wav,clean
audio_668.wav,clean
audio_1519.wav,clean
audio_334.wav,clean
audio_952.wav,clean
audio_365.wav,clean
audio_234.wav,clean
audio_149.wav,clean
audio_2005.wav,clean
audio_2047.wav,clean
audio_1655.wav,clean
audio_1726.wav,clean
audio_2148.wav,clean
audio_8.wav,clean
audio_1712.wav,clean
audio_1120.wav,clean
audio_930.wav,clean
audio_569.wav,clean
audio_1090.wav,clean
audio_383.wav,clean
audio_1066.wav,clean
audio_2018.wav,clean
audio_688.wav,clean
audio_1261.wav,clean
audio_624.wav,clean
audio_327.wav,clean
audio_230.wav,clean
audio_1832.wav,clean
audio_179.wav,clean
audio_863.wav,clean
audio_1078.wav,clean
audio_123.wav,clean
audio_198.wav,clean
audio_2113.wav,clean
audio_694.wav,clean
audio_491.wav,clean
audio_1799.wav,clean
audio_1554.wav,clean
audio_723.wav,clean
audio_1444.wav,clean
audio_726.wav,clean
audio_1077.wav,clean
audio_926.wav,clean
audio_680.wav,clean
audio_187.wav,clean
audio_257.wav,stego
audio_493.wav,stego
audio_398.wav,stego
audio_43.wav,stego
audio_936.wav,stego
audio_1174.wav,stego
audio_1492.wav,stego
audio_1575.wav,stego
audio_1987.wav,stego
audio_408.wav,stego
audio_627.wav,stego
audio_1945.wav,stego
audio_2072.wav,stego
audio_959.wav,stego
audio_1721.wav,stego
audio_1202.wav,stego
audio_2039.wav,stego
audio_431.wav,stego
audio_27.wav,stego
audio_437.wav,stego
audio_1310.wav,stego
audio_1267.wav,stego
audio_488.wav,stego
audio_1551.wav,stego
audio_470.wav,stego
audio_1702.wav,stego
audio_281.wav,stego
audio_632.wav,stego
audio_1041.wav,stego
audio_1994.wav,stego
audio_1658.wav,stego
audio_1683.wav,stego
audio_526.wav,stego
audio_1067.wav,stego
audio_190.wav,stego
audio_1656.wav,stego
audio_1485.wav,stego
audio_1170.wav,stego
audio_1555.wav,stego
audio_634.wav,stego
audio_2061.wav,stego
audio_2019.wav,stego
audio_369.wav,stego
audio_422.wav,stego
audio_1954.wav,stego
audio_1389.wav,stego
audio_934.wav,stego
audio_487.wav,stego
audio_199.wav,stego
audio_1287.wav,stego
audio_1961.wav,stego
audio_181.wav,stego
audio_1666.wav,stego
audio_116.wav,stego
audio_25.wav,stego
audio_826.wav,stego
audio_1230.wav,stego
audio_333.wav,stego
audio_1006.wav,stego
audio_848.wav,stego
audio_861.wav,stego
audio_1269.wav,stego
audio_1203.wav,stego
audio_1073.wav,stego
audio_315.wav,stego
audio_2129.wav,stego
audio_92.wav,stego
audio_1530.wav,stego
audio_1055.wav,stego
audio_782.wav,stego
audio_1988.wav,stego
audio_2106.wav,stego
audio_237.wav,stego
audio_2032.wav,stego
audio_1268.wav,stego
audio_956.wav,stego
audio_1842.wav,stego
audio_874.wav,stego
audio_338.wav,stego
audio_1650.wav,stego
audio_600.wav,stego
audio_1714.wav,stego
audio_128.wav,stego
audio_1732.wav,stego
audio_1909.wav,stego
audio_1158.wav,stego
audio_1199.wav,stego
audio_853.wav,stego
audio_14.wav,stego
audio_1475.wav,stego
audio_2029.wav,stego
audio_1353.wav,stego
audio_2050.wav,stego
audio_762.wav,stego
audio_1599.wav,stego
audio_227.wav,stego
audio_607.wav,stego
audio_1796.wav,stego
audio_735.wav,stego
audio_962.wav,stego
audio_161.wav,stego
audio_581.wav,stego
audio_1731.wav,stego
audio_421.wav,stego
audio_1317.wav,stego
audio_836.wav,stego
audio_1313.wav,stego
audio_1550.wav,stego
audio_1616.wav,stego
audio_1893.wav,stego
audio_1669.wav,stego
audio_2082.wav,stego
audio_1131.wav,stego
audio_314.wav,stego
audio_1142.wav,stego
audio_1518.wav,stego
audio_1816.wav,stego
audio_1696.wav,stego
audio_75.wav,stego
audio_1962.wav,stego
audio_1181.wav,stego
audio_367.wav,stego
audio_1197.wav,stego
audio_193.wav,stego
audio_696.wav,stego
audio_1461.wav,stego
audio_1262.wav,stego
audio_736.wav,stego
audio_2141.wav,stego
audio_950.wav,stego
audio_295.wav,stego
audio_547.wav,stego
audio_1982.wav,stego
audio_643.wav,stego
audio_513.wav,stego
audio_587.wav,stego
audio_510.wav,stego
audio_663.wav,stego
audio_1414.wav,stego
audio_1971.wav,stego
audio_766.wav,stego
audio_881.wav,stego
audio_1462.wav,stego
audio_1092.wav,stego
audio_1900.wav,stego
audio_1439.wav,stego
audio_677.wav,stego
audio_991.wav,stego
audio_1398.wav,stego
audio_268.wav,stego
audio_1891.wav,stego
audio_183.wav,stego
audio_2144.wav,stego
audio_376.wav,stego
audio_1759.wav,stego
audio_1247.wav,stego
audio_649.wav,stego
audio_1330.wav,stego
audio_1908.wav,stego
audio_1037.wav,stego
audio_196.wav,stego
audio_1672.wav,stego
audio_1602.wav,stego
audio_1646.wav,stego
audio_134.wav,stego
audio_730.wav,stego
audio_922.wav,stego
audio_139.wav,stego
audio_1109.wav,stego
audio_2115.wav,stego
audio_406.wav,stego
audio_1272.wav,stego
audio_1649.wav,stego
audio_1404.wav,stego
audio_1244.wav,stego
audio_1340.wav,stego
audio_29.wav,stego
audio_22.wav,stego
audio_1556.wav,stego
audio_1698.wav,stego
audio_887.wav,stego
audio_412.wav,stego
audio_121.wav,stego
audio_343.wav,stego
audio_2054.wav,stego
audio_388.wav,stego
audio_938.wav,stego
audio_1275.wav,stego
audio_1612.wav,stego
audio_1582.wav,stego
audio_1400.wav,stego
audio_1106.wav,stego
audio_1826.wav,stego
audio_1752.wav,stego
audio_1341.wav,stego
audio_385.wav,stego
audio_737.wav,stego
audio_2101.wav,stego
audio_2122.wav,stego
audio_846.wav,stego
audio_1974.wav,stego
audio_1501.wav,stego
audio_750.wav,stego
audio_854.wav,stego
audio_1454.wav,stego
audio_1111.wav,stego
audio_650.wav,stego
audio_821.wav,stego
audio_1935.wav,stego
audio_1294.wav,stego
audio_122.wav,stego
audio_164.wav,stego
audio_681.wav,stego
audio_662.wav,stego
audio_323.wav,stego
audio_312.wav,stego
audio_384.wav,stego
audio_1831.wav,stego
audio_1257.wav,stego
audio_1789.wav,stego
audio_100.wav,stego
audio_1405.wav,stego
audio_1008.wav,stego
audio_2006.wav,stego
audio_666.wav,stego
audio_603.wav,stego
audio_275.wav,stego
audio_1057.wav,stego
audio_1080.wav,stego
audio_1813.wav,stego
audio_147.wav,stego
audio_115.wav,stego
audio_1155.wav,stego
audio_306.wav,stego
audio_1620.wav,stego
audio_816.wav,stego
audio_413.wav,stego
audio_1625.wav,stego
audio_2015.wav,stego
audio_1258.wav,stego
audio_1123.wav,stego
audio_670.wav,stego
audio_1996.wav,stego
audio_740.wav,stego
audio_917.wav,stego
audio_106.wav,stego
audio_1149.wav,stego
audio_69.wav,stego
audio_954.wav,stego
audio_1107.wav,stego
audio_1060.wav,stego
audio_822.wav,stego
audio_1879.wav,stego
audio_562.wav,stego
audio_1806.wav,stego
audio_1376.wav,stego
audio_282.wav,stego
audio_1044.wav,stego
audio_637.wav,stego
audio_778.wav,stego
audio_719.wav,stego
audio_1391.wav,stego
audio_595.wav,stego
audio_829.wav,stego
audio_1745.wav,stego
audio_1914.wav,stego
audio_667.wav,stego
audio_222.wav,stego
audio_990.wav,stego
audio_807.wav,stego
audio_64.wav,stego
audio_1770.wav,stego
audio_1449.wav,stego
audio_2038.wav,stego
audio_1433.wav,stego
audio_1430.wav,stego
audio_1704.wav,stego
audio_554.wav,stego
audio_447.wav,stego
audio_1797.wav,stego
audio_1089.wav,stego
audio_32.wav,stego
audio_216.wav,stego
audio_1638.wav,stego
audio_1547.wav,stego
audio_1401.wav,stego
audio_386.wav,stego
audio_1162.wav,stego
audio_1610.wav,stego
audio_1747.wav,stego
audio_35.wav,stego
audio_1377.wav,stego
audio_1703.wav,stego
audio_1150.wav,stego
audio_1765.wav,stego
audio_722.wav,stego
audio_364.wav,stego
audio_1952.wav,stego
audio_866.wav,stego
audio_410.wav,stego
audio_1883.wav,stego
audio_1786.wav,stego
audio_2142.wav,stego
audio_290.wav,stego
audio_1033.wav,stego
audio_129.wav,stego
audio_393.wav,stego
audio_1002.wav,stego
audio_245.wav,stego
audio_1350.wav,stego
audio_1561.wav,stego
audio_2136.wav,stego
audio_980.wav,stego
audio_824.wav,stego
audio_1187.wav,stego
audio_148.wav,stego
audio_225.wav,stego
audio_94.wav,stego
audio_855.wav,stego
audio_593.wav,stego
audio_146.wav,stego
audio_280.wav,stego
audio_1794.wav,stego
audio_1075.wav,stego
audio_1604.wav,stego
audio_1793.wav,stego
audio_1922.wav,stego
audio_817.wav,stego
audio_721.wav,stego
audio_1367.wav,stego
audio_264.wav,stego
audio_471.wav,stego
audio_865.wav,stego
audio_2028.wav,stego
audio_1223.wav,stego
audio_1274.wav,stego
audio_970.wav,stego
audio_571.wav,stego
audio_732.wav,stego
audio_818.wav,stego
audio_119.wav,stego
audio_994.wav,stego
audio_1943.wav,stego
audio_1451.wav,stego
audio_48.wav,stego
audio_1814.wav,stego
audio_508.wav,stego
audio_63.wav,stego
audio_968.wav,stego
audio_1028.wav,stego
audio_590.wav,stego
audio_1522.wav,stego
audio_1569.wav,stego
audio_1918.wav,stego
audio_1207.wav,stego
audio_354.wav,stego
audio_3.wav,stego
audio_1875.wav,stego
audio_309.wav,stego
audio_1486.wav,stego
audio_1384.wav,stego
audio_1892.wav,stego
audio_1104.wav,stego
audio_499.wav,stego
audio_143.wav,stego
audio_879.wav,stego
audio_641.wav,stego
audio_40.wav,stego
audio_591.wav,stego
audio_1718.wav,stego
audio_2056.wav,stego
audio_1133.wav,stego
audio_249.wav,stego
audio_849.wav,stego
audio_350.wav,stego
audio_19.wav,stego
audio_916.wav,stego
audio_784.wav,stego
audio_2048.wav,stego
audio_1003.wav,stego
audio_1431.wav,stego
audio_536.wav,stego
audio_1027.wav,stego
audio_1990.wav,stego
audio_1665.wav,stego
audio_191.wav,stego
audio_453.wav,stego
audio_693.wav,stego
audio_1889.wav,stego
audio_1640.wav,stego
audio_577.wav,stego
audio_446.wav,stego
audio_793.wav,stego
audio_284.wav,stego
audio_1100.wav,stego
audio_1593.wav,stego
audio_1172.wav,stego
audio_1303.wav,stego
audio_625.wav,stego
audio_1867.wav,stego
audio_1980.wav,stego
audio_1410.wav,stego
audio_1139.wav,stego
audio_1423.wav,stego
audio_504.wav,stego
audio_516.wav,stego
audio_2111.wav,stego
audio_2008.wav,stego
audio_1166.wav,stego
audio_102.wav,stego
audio_2026.wav,stego
audio_125.wav,stego
audio_429.wav,stego
audio_1749.wav,stego
audio_1662.wav,stego
audio_748.wav,stego
audio_851.wav,stego
audio_2096.wav,stego
audio_687.wav,stego
audio_204.wav,stego
audio_1973.wav,stego
audio_858.wav,stego
audio_165.wav,stego
audio_1526.wav,stego
audio_1121.wav,stego
audio_588.wav,stego
audio_1680.wav,stego
audio_545.wav,stego
audio_114.wav,stego
audio_1390.wav,stego
audio_2145.wav,stego
audio_1217.wav,stego
audio_814.wav,stego
audio_1016.wav,stego
audio_396.wav,stego
audio_85.wav,stego
audio_397.wav,stego
audio_1902.wav,stego
audio_616.wav,stego
audio_1216.wav,stego
audio_44.wav,stego
audio_1079.wav,stego
audio_1776.wav,stego
audio_1659.wav,stego
audio_1014.wav,stego
audio_1432.wav,stego
audio_1212.wav,stego
audio_1049.wav,stego
audio_1866.wav,stego
audio_1378.wav,stego
audio_299.wav,stego
audio_1520.wav,stego
audio_120.wav,stego
audio_1297.wav,stego
audio_1512.wav,stego
audio_1472.wav,stego
audio_1534.wav,stego
audio_1375.wav,stego
audio_935.wav,stego
audio_244.wav,stego
audio_1056.wav,stego
audio_276.wav,stego
audio_654.wav,stego
audio_1412.wav,stego
audio_1641.wav,stego
audio_1957.wav,stego
audio_977.wav,stego
audio_307.wav,stego
audio_674.wav,stego
audio_549.wav,stego
audio_415.wav,stego
audio_278.wav,stego
audio_976.wav,stego
audio_1300.wav,stego
audio_2080.wav,stego
audio_1325.wav,stego
audio_1671.wav,stego
audio_2146.wav,stego
audio_324.wav,stego
audio_1578.wav,stego
audio_1163.wav,stego
audio_232.wav,stego
audio_1241.wav,stego
audio_1576.wav,stego
audio_1614.wav,stego
audio_363.wav,stego
audio_1500.wav,stego
audio_1457.wav,stego
audio_700.wav,stego
audio_498.wav,stego
audio_656.wav,stego
audio_316.wav,stego
audio_1767.wav,stego
audio_673.wav,stego
audio_989.wav,stego
audio_1314.wav,stego
audio_1178.wav,stego
audio_1598.wav,stego
audio_598.wav,stego
audio_1854.wav,stego
audio_1452.wav,stego
audio_929.wav,stego
audio_195.wav,stego
audio_277.wav,stego
audio_1809.wav,stego
audio_597.wav,stego
audio_1488.wav,stego
audio_1208.wav,stego
audio_1447.wav,stego
audio_154.wav,stego
audio_1549.wav,stego
audio_1147.wav,stego
audio_411.wav,stego
audio_153.wav,stego
audio_53.wav,stego
audio_272.wav,stego
audio_1912.wav,stego
audio_1936.wav,stego
audio_279.wav,stego
audio_1359.wav,stego
audio_791.wav,stego
audio_373.wav,stego
audio_1189.wav,stego
audio_993.wav,stego
audio_16.wav,stego
audio_218.wav,stego
audio_1852.wav,stego
audio_38.wav,stego
audio_145.wav,stego
audio_2070.wav,stego
audio_615.wav,stego
audio_794.wav,stego
audio_589.wav,stego
audio_1038.wav,stego
audio_1035.wav,stego
audio_2058.wav,stego
audio_1156.wav,stego
audio_1369.wav,stego
audio_155.wav,stego
audio_1874.wav,stego
audio_1466.wav,stego
audio_669.wav,stego
audio_1964.wav,stego
audio_1413.wav,stego
audio_796.wav,stego
audio_1580.wav,stego
audio_2024.wav,stego
audio_72.wav,stego
audio_381.wav,stego
audio_461.wav,stego
audio_228.wav,stego
audio_697.wav,stego
audio_2095.wav,stego
audio_1063.wav,stego
audio_1548.wav,stego
audio_742.wav,stego
audio_1365.wav,stego
audio_326.wav,stego
audio_59.wav,stego
audio_1970.wav,stego
audio_635.wav,stego
audio_1467.wav,stego
audio_1047.wav,stego
audio_2040.wav,stego
audio_368.wav,stego
audio_15.wav,stego
audio_1465.wav,stego
audio_803.wav,stego
audio_912.wav,stego
audio_1803.wav,stego
audio_182.wav,stego
audio_1849.wav,stego
audio_1566.wav,stego
audio_620.wav,stego
audio_1101.wav,stego
audio_909.wav,stego
audio_224.wav,stego
audio_78.wav,stego
audio_377.wav,stego
audio_2125.wav,stego
audio_582.wav,stego
audio_893.wav,stego
audio_261.wav,stego
audio_661.wav,stego
audio_1282.wav,stego
audio_2059.wav,stego
audio_651.wav,stego
audio_738.wav,stego
audio_1907.wav,stego
audio_1801.wav,stego
audio_779.wav,stego
audio_1152.wav,stego
audio_1756.wav,stego
audio_1332.wav,stego
audio_679.wav,stego
audio_1589.wav,stego
audio_1260.wav,stego
audio_1205.wav,stego
audio_269.wav,stego
audio_1628.wav,stego
audio_1161.wav,stego
audio_509.wav,stego
audio_2036.wav,stego
audio_759.wav,stego
audio_1654.wav,stego
audio_87.wav,stego
audio_2031.wav,stego
audio_533.wav,stego
audio_1204.wav,stego
audio_351.wav,stego
audio_458.wav,stego
audio_1165.wav,stego
audio_1693.wav,stego
audio_501.wav,stego
audio_1594.wav,stego
audio_1591.wav,stego
audio_840.wav,stego
audio_1701.wav,stego
audio_1116.wav,stego
audio_777.wav,stego
audio_963.wav,stego
audio_915.wav,stego
audio_23.wav,stego
audio_1392.wav,stego
audio_226.wav,stego
audio_1998.wav,stego
audio_2034.wav,stego
audio_1915.wav,stego
audio_1502.wav,stego
audio_1426.wav,stego
audio_797.wav,stego
audio_945.wav,stego
audio_1851.wav,stego
audio_2120.wav,stego
audio_828.wav,stego
audio_1778.wav,stego
audio_1621.wav,stego
audio_1542.wav,stego
audio_1119.wav,stego
audio_2097.wav,stego
audio_608.wav,stego
audio_1956.wav,stego
audio_1648.wav,stego
audio_982.wav,stego
audio_660.wav,stego
audio_251.wav,stego
audio_1565.wav,stego
audio_2126.wav,stego
audio_113.wav,stego
audio_906.wav,stego
audio_638.wav,stego
audio_1613.wav,stego
audio_1760.wav,stego
audio_1372.wav,stego
audio_1798.wav,stego
audio_1788.wav,stego
audio_1333.wav,stego
audio_568.wav,stego
audio_1626.wav,stego
audio_2025.wav,stego
audio_18.wav,stego
audio_1355.wav,stego
audio_1402.wav,stego
audio_602.wav,stego
audio_2100.wav,stego
audio_274.wav,stego
audio_1642.wav,stego
audio_633.wav,stego
audio_1146.wav,stego
audio_1928.wav,stego
audio_834.wav,stego
audio_559.wav,stego
audio_875.wav,stego
audio_188.wav,stego
audio_1386.wav,stego
audio_1352.wav,stego
audio_1265.wav,stego
audio_1933.wav,stego
audio_1830.wav,stego
audio_648.wav,stego
audio_108.wav,stego
audio_1700.wav,stego
audio_1848.wav,stego
audio_1157.wav,stego
audio_1562.wav,stego
audio_1976.wav,stego
audio_1357.wav,stego
audio_13.wav,stego
audio_217.wav,stego
audio_1228.wav,stego
audio_1018.wav,stego
audio_1527.wav,stego
audio_1615.wav,stego
audio_1545.wav,stego
audio_1965.wav,stego
audio_1186.wav,stego
audio_1483.wav,stego
audio_1381.wav,stego
audio_1515.wav,stego
audio_558.wav,stego
audio_1233.wav,stego
audio_819.wav,stego
audio_321.wav,stego
audio_1644.wav,stego
audio_483.wav,stego
audio_90.wav,stego
audio_89.wav,stego
audio_1434.wav,stego
audio_839.wav,stego
audio_1558.wav,stego
audio_480.wav,stego
audio_1064.wav,stego
audio_1583.wav,stego
audio_456.wav,stego
audio_21.wav,stego
audio_1723.wav,stego
audio_1019.wav,stego
audio_880.wav,stego
audio_423.wav,stego
audio_420.wav,stego
audio_2138.wav,stego
audio_1652.wav,stego
audio_1983.wav,stego
audio_1435.wav,stego
audio_1358.wav,stego
audio_1843.wav,stego
audio_1748.wav,stego
audio_68.wav,stego
audio_792.wav,stego
audio_357.wav,stego
audio_1399.wav,stego
audio_1805.wav,stego
audio_1154.wav,stego
audio_435.wav,stego
audio_1160.wav,stego
audio_1821.wav,stego
audio_2099.wav,stego
audio_884.wav,stego
audio_1758.wav,stego
audio_665.wav,stego
audio_229.wav,stego
audio_209.wav,stego
audio_1276.wav,stego
audio_1850.wav,stego
audio_1743.wav,stego
audio_605.wav,stego
audio_1026.wav,stego
audio_2074.wav,stego
audio_454.wav,stego
audio_1942.wav,stego
audio_4.wav,stego
audio_1091.wav,stego
audio_1463.wav,stego
audio_1030.wav,stego
audio_86.wav,stego
audio_613.wav,stego
audio_11.wav,stego
audio_1535.wav,stego
audio_1524.wav,stego
audio_1804.wav,stego
audio_910.wav,stego
audio_1417.wav,stego
audio_247.wav,stego
audio_1344.wav,stego
audio_713.wav,stego
audio_932.wav,stego
audio_1733.wav,stego
audio_1010.wav,stego
audio_283.wav,stego
audio_1112.wav,stego
audio_438.wav,stego
audio_783.wav,stego
audio_46.wav,stego
audio_1870.wav,stego
audio_1741.wav,stego
audio_2092.wav,stego
audio_996.wav,stego
audio_1144.wav,stego
audio_698.wav,stego
audio_1036.wav,stego
audio_873.wav,stego
audio_949.wav,stego
audio_869.wav,stego
audio_1691.wav,stego
audio_1482.wav,stego
audio_1882.wav,stego
audio_296.wav,stego
audio_1581.wav,stego
audio_390.wav,stego
audio_518.wav,stego
audio_1924.wav,stego
audio_118.wav,stego
audio_1445.wav,stego
audio_686.wav,stego
audio_1284.wav,stego
audio_1273.wav,stego
audio_1312.wav,stego
audio_876.wav,stego
audio_725.wav,stego
audio_1884.wav,stego
audio_1103.wav,stego
audio_1574.wav,stego
audio_2001.wav,stego
audio_1042.wav,stego
audio_1541.wav,stego
audio_1757.wav,stego
audio_500.wav,stego
audio_1678.wav,stego
audio_1407.wav,stego
audio_563.wav,stego
audio_505.wav,stego
audio_1388.wav,stego
audio_523.wav,stego
audio_1584.wav,stego
audio_1710.wav,stego
audio_1824.wav,stego
audio_1618.wav,stego
audio_1326.wav,stego
audio_150.wav,stego
audio_1841.wav,stego
audio_387.wav,stego
audio_1327.wav,stego
audio_579.wav,stego
audio_1863.wav,stego
audio_1920.wav,stego
audio_815.wav,stego
audio_252.wav,stego
audio_1180.wav,stego
audio_1307.wav,stego
audio_1054.wav,stego
audio_1453.wav,stego
audio_2112.wav,stego
audio_2002.wav,stego
audio_653.wav,stego
audio_812.wav,stego
audio_163.wav,stego
audio_1126.wav,stego
audio_1427.wav,stego
audio_310.wav,stego
audio_2033.wav,stego
audio_1382.wav,stego
audio_1505.wav,stego
audio_419.wav,stego
audio_764.wav,stego
audio_1872.wav,stego
audio_1769.wav,stego
audio_496.wav,stego
audio_775.wav,stego
audio_1448.wav,stego
audio_2037.wav,stego
audio_1607.wav,stego
audio_439.wav,stego
audio_289.wav,stego
audio_753.wav,stego
audio_206.wav,stego
audio_708.wav,stego
audio_1782.wav,stego
audio_1403.wav,stego
audio_1833.wav,stego
audio_1494.wav,stego
audio_55.wav,stego
audio_550.wav,stego
audio_1043.wav,stego
audio_529.wav,stego
audio_1185.wav,stego
audio_233.wav,stego
audio_320.wav,stego
audio_1059.wav,stego
audio_325.wav,stego
audio_2068.wav,stego
audio_1792.wav,stego
audio_701.wav,stego
audio_1720.wav,stego
audio_1719.wav,stego
audio_1271.wav,stego
audio_1108.wav,stego
audio_567.wav,stego
audio_870.wav,stego
audio_1790.wav,stego
audio_823.wav,stego
audio_1356.wav,stego
audio_1436.wav,stego
audio_1182.wav,stego
audio_1717.wav,stego
audio_1441.wav,stego
audio_987.wav,stego
audio_1301.wav,stego
audio_1458.wav,stego
audio_1855.wav,stego
audio_1675.wav,stego
audio_1951.wav,stego
audio_1819.wav,stego
audio_1221.wav,stego
audio_474.wav,stego
audio_340.wav,stego
audio_1785.wav,stego
audio_1373.wav,stego
audio_2079.wav,stego
audio_96.wav,stego
audio_2043.wav,stego
audio_763.wav,stego
audio_2010.wav,stego
audio_2027.wav,stego
audio_1127.wav,stego
audio_1713.wav,stego
audio_1711.wav,stego
audio_746.wav,stego
audio_1845.wav,stego
audio_678.wav,stego
audio_1211.wav,stego
audio_503.wav,stego
audio_176.wav,stego
audio_1235.wav,stego
audio_801.wav,stego
audio_898.wav,stego
audio_1676.wav,stego
audio_1264.wav,stego
audio_964.wav,stego
audio_1686.wav,stego
audio_0.wav,stego
audio_1304.wav,stego
audio_540.wav,stego
audio_773.wav,stego
audio_806.wav,stego
audio_1923.wav,stego
audio_1017.wav,stego
audio_303.wav,stego
audio_460.wav,stego
audio_685.wav,stego
audio_749.wav,stego
audio_583.wav,stego
audio_1296.wav,stego
audio_1484.wav,stego
audio_318.wav,stego
audio_520.wav,stego
audio_1840.wav,stego
audio_1544.wav,stego
audio_1214.wav,stego
audio_359.wav,stego
audio_1032.wav,stego
audio_1087.wav,stego
audio_1657.wav,stego
audio_1001.wav,stego
audio_2013.wav,stego
audio_1746.wav,stego
audio_1521.wav,stego
audio_1553.wav,stego
audio_1342.wav,stego
audio_1428.wav,stego
audio_1837.wav,stego
audio_897.wav,stego
audio_1201.wav,stego
audio_1015.wav,stego
audio_1198.wav,stego
audio_473.wav,stego
audio_1138.wav,stego
audio_464.wav,stego
audio_1822.wav,stego
audio_1913.wav,stego
audio_170.wav,stego
audio_17.wav,stego
audio_1509.wav,stego
audio_580.wav,stego
audio_551.wav,stego
audio_2130.wav,stego
audio_1617.wav,stego
audio_1259.wav,stego
audio_317.wav,stego
audio_138.wav,stego
audio_645.wav,stego
audio_718.wav,stego
audio_780.wav,stego
audio_355.wav,stego
audio_259.wav,stego
audio_1173.wav,stego
audio_1383.wav,stego
audio_1443.wav,stego
audio_1082.wav,stego
audio_706.wav,stego
audio_1409.wav,stego
audio_1969.wav,stego
audio_450.wav,stego
audio_2147.wav,stego
audio_878.wav,stego
audio_999.wav,stego
audio_2069.wav,stego
audio_267.wav,stego
audio_1755.wav,stego
audio_219.wav,stego
audio_1206.wav,stego
audio_622.wav,stego
audio_1829.wav,stego
audio_482.wav,stego
audio_1213.wav,stego
audio_1687.wav,stego
audio_717.wav,stego
audio_1715.wav,stego
audio_604.wav,stego
audio_76.wav,stego
audio_494.wav,stego
audio_1072.wav,stego
audio_80.wav,stego
audio_1953.wav,stego
audio_983.wav,stego
audio_1192.wav,stego
audio_1062.wav,stego
audio_378.wav,stego
audio_430.wav,stego
audio_1949.wav,stego
audio_1744.wav,stego
audio_1869.wav,stego
audio_484.wav,stego
audio_1132.wav,stego
audio_1514.wav,stego
audio_1415.wav,stego
audio_1225.wav,stego
audio_1586.wav,stego
audio_1740.wav,stego
audio_760.wav,stego
audio_1783.wav,stego
audio_409.wav,stego
audio_543.wav,stego
audio_495.wav,stego
audio_1944.wav,stego
audio_727.wav,stego
audio_215.wav,stego
audio_1183.wav,stego
audio_804.wav,stego
audio_1252.wav,stego
audio_99.wav,stego
audio_47.wav,stego
audio_883.wav,stego
audio_1921.wav,stego
audio_711.wav,stego
audio_702.wav,stego
audio_1707.wav,stego
audio_1858.wav,stego
audio_1200.wav,stego
audio_896.wav,stego
audio_1422.wav,stego
audio_479.wav,stego
audio_1493.wav,stego
audio_995.wav,stego
audio_1291.wav,stego
audio_561.wav,stego
audio_1868.wav,stego
audio_255.wav,stego
audio_178.wav,stego
audio_1861.wav,stego
audio_675.wav,stego
audio_394.wav,stego
audio_631.wav,stego
audio_939.wav,stego
audio_1510.wav,stego
audio_1242.wav,stego
audio_1256.wav,stego
audio_1568.wav,stego
audio_835.wav,stego
audio_1947.wav,stego
audio_1115.wav,stego
audio_1191.wav,stego
audio_958.wav,stego
audio_2016.wav,stego
audio_1470.wav,stego
audio_1311.wav,stego
audio_302.wav,stego
audio_747.wav,stego
audio_185.wav,stego
audio_1209.wav,stego
audio_1196.wav,stego
audio_1308.wav,stego
audio_1999.wav,stego
audio_1787.wav,stego
audio_1.wav,stego
audio_710.wav,stego
